ID;"Product name";"Product price";"Product retailer price";PZN;"Product description";"Product short-name";"Product category";"Product stock level";"Product discounted price";"Discount in %";"Discount absolute";"Adwords keywords";"Link to Product image";"Link to Product";Tags;"Active/Not Active"
AT-P2262968-250G;"Schüßler Salz Nr. 12 Calcium sulfuricum 250G";"11.38 EUR";"14.60 EUR";2262968;"Heilenden Eigenschaften der Mineralien nutzen!";"Schüßler Salz Nr. 12";"Schüßler Mineralstoffe > Schüßler-Salze > Erkältung";2;"11.38 EUR";28%;"3.22 EUR";"Schüßler Salz Nr. 12";https://www.vamida.at/media/catalog/product/cache/0/image/400x365/9df78eab33525d08d6e5fb8d27136e95/b/i/biochemie_nach_dr._sch_ler_nr._12_250g.jpg;https://www.vamida.at/schussler-salz-nr-12-calcium-sulfuricum-250g.html;onSale;Active
AT-P2262939-100G;"Schüßler Salz Nr. 12 Calcium sulfuricum 100G";"5.03 EUR";"7.75 EUR";2262939;"Heilenden Eigenschaften der Mineralien nutzen!";"Schüßler Salz Nr. 12";"Naturheilmittel > Schüßler Mineralstoffe > Schüßler-Salze > Erkältung";4;"5.03 EUR";54%;"2.72 EUR";"Schüßler Salz Nr. 12";https://www.vamida.at/media/catalog/product/cache/0/image/400x365/9df78eab33525d08d6e5fb8d27136e95/b/i/biochemie_nach_dr._sch_ler_nr._12_100g_1.jpg;https://www.vamida.at/schussler-salz-nr-12-calcium-sulfuricum-100g.html;onSale;Active
AT-P2262833-250G;"Schüßler Salz Nr. 11 Silicea 250G";"10.33 EUR";"14.60 EUR";2262833;"Schüssler Salz für Haut, Haare und Nägel";"Schüßler Salz Nr. 11";"Naturheilmittel > Schüßler Mineralstoffe > Schüßler-Salze > Haut Haare & Nägel";10;"10.33 EUR";41%;"4.27 EUR";"Schüßler Salz Nr. 11";https://www.vamida.at/media/catalog/product/cache/0/image/400x365/9df78eab33525d08d6e5fb8d27136e95/b/i/biochemie_nach_dr._sch_ler_nr._11_250g.jpg;https://www.vamida.at/schussler-salz-nr-11-silicea-250g.html;onSale;Active
AT-P2262804-100G;"Schüßler Salz Nr. 11 Silicea 100G";"5.03 EUR";"7.75 EUR";2262804;"Schüssler Salz für Haut, Haare und Nägel";"Schüßler Salz Nr. 11";"Naturheilmittel > Schüßler Mineralstoffe > Schüßler-Salze > Haut Haare & Nägel";7;"5.03 EUR";54%;"2.72 EUR";"Schüßler Salz Nr. 11";https://www.vamida.at/media/catalog/product/cache/0/image/400x365/9df78eab33525d08d6e5fb8d27136e95/b/i/biochemie_nach_dr._sch_ler_nr._11_100g_1.jpg;https://www.vamida.at/schussler-salz-nr-11-silicea-100g.html;onSale;Active
AT-P2262690-250G;"Schüßler Salz Nr. 10 Natrium sulfuricum 250G";"10.45 EUR";"14.60 EUR";2262690;"Leber mit Schüssler Salzen unterstützen!";"Schüßler Salz Nr. 10";"Naturheilmittel > Schüßler Mineralstoffe > Schüßler-Salze > Abnehmen";4;"10.45 EUR";40%;"4.15 EUR";"Schüßler Salz Nr. 10";https://www.vamida.at/media/catalog/product/cache/0/image/400x365/9df78eab33525d08d6e5fb8d27136e95/b/i/biochemie_nach_dr._sch_ler_nr._10_250g.jpg;https://www.vamida.at/schussler-salz-nr-10-natrium-sulfuricum-250g.html;onSale;Active
AT-P2262661-100G;"Schüßler Salz Nr. 10 Natrium sulfuricum 100G";"5.94 EUR";"7.75 EUR";2262661;"Leber mit Schüssler Salzen unterstützen!";"Schüßler Salz Nr. 10";"Naturheilmittel > Schüßler Mineralstoffe > Schüßler-Salze > Abnehmen";5;"5.94 EUR";30%;"1.81 EUR";"Schüßler Salz Nr. 10";https://www.vamida.at/media/catalog/product/cache/0/image/400x365/9df78eab33525d08d6e5fb8d27136e95/b/i/biochemie_nach_dr._sch_ler_nr._10_100g_1.jpg;https://www.vamida.at/schussler-salz-nr-10-natrium-sulfuricum-100g.html;onSale;Active
AT-P2262566-250G;"Schüßler Salz Nr. 9 Natrium phosphoricum 250G";"10.45 EUR";"14.60 EUR";2262566;"Das Salz des Stoffwechsels";"Schüßler Salz Nr. 9";"Naturheilmittel > Schüßler Mineralstoffe > Schüßler-Salze > Haut Haare & Nägel > Verdauung > leistungssteigernde Mittel";8;"10.45 EUR";40%;"4.15 EUR";"Schüßler Salz Nr. 9";https://www.vamida.at/media/catalog/product/cache/0/image/400x365/9df78eab33525d08d6e5fb8d27136e95/b/i/biochemie_nach_dr._sch_ler_nr._9_250g.jpg;https://www.vamida.at/schussler-salz-nr-9-natrium-phosphoricum-250g.html;onSale;Active
AT-P2262626-100G;"Schüßler Salz Nr. 9 Natrium phosphoricum 100G";"5.94 EUR";"7.75 EUR";2262626;"Das Salz des Stoffwechsels";"Schüßler Salz Nr. 9";"Naturheilmittel > Schüßler Mineralstoffe > Schüßler-Salze > Haut Haare & Nägel > Verdauung > leistungssteigernde Mittel";10;"5.94 EUR";30%;"1.81 EUR";"Schüßler Salz Nr. 9";https://www.vamida.at/media/catalog/product/cache/0/image/400x365/9df78eab33525d08d6e5fb8d27136e95/b/i/biochemie_nach_dr._sch_ler_nr._9_100g_1.jpg;https://www.vamida.at/schussler-salz-nr-9-natrium-phosphoricum-100g.html;onSale;Active
AT-P2262402-250G;"Schüßler Salz Nr. 8 Natrium chloratum 250G";"11.89 EUR";"14.60 EUR";2262402;"Essentielles Mineralsalz mit vielseitigen Wirkeigenschaften!";"Schüßler Salz Nr. 8";"Naturheilmittel > Schüßler Mineralstoffe > Schüßler-Salze > Erkältung > Schmerzmittel > Herz-Kreislauf";3;"11.89 EUR";23%;"2.71 EUR";"Schüßler Salz Nr. 8";https://www.vamida.at/media/catalog/product/cache/0/image/400x365/9df78eab33525d08d6e5fb8d27136e95/b/i/biochemie_nach_dr._sch_ler_nr._8_250g.jpg;https://www.vamida.at/schussler-salz-nr-8-natrium-chloratum-250g.html;onSale;Active
AT-P2262371-100G;"Schüßler Salz Nr. 8 Natrium chloratum 100G";"5.03 EUR";"7.75 EUR";2262371;"Essentielles Mineralsalz mit vielseitigen Wirkeigenschaften!";"Schüßler Salz Nr. 8";"Naturheilmittel > Schüßler Mineralstoffe > Schüßler-Salze > Erkältung > Schmerzmittel > Herz-Kreislauf";10;"5.03 EUR";54%;"2.72 EUR";"Schüßler Salz Nr. 8";https://www.vamida.at/media/catalog/product/cache/0/image/400x365/9df78eab33525d08d6e5fb8d27136e95/b/i/biochemie_nach_dr._sch_ler_nr._8_100g_1.jpg;https://www.vamida.at/schussler-salz-nr-8-natrium-chloratum-100g.html;onSale;Active
AT-P2262276-250G;"Schüßler Salz Nr. 7 Magnesium phosphoricum 250G";"10.44 EUR";"14.60 EUR";2262276;"Die natürliche Heilkraft der Schüßler Salze nutzen!";"Schüßler Salz Nr. 7";"Naturheilmittel > Schüßler Mineralstoffe > Schüßler-Salze > Körperpflege > Schlaf > Frauengesundheit > Verdauung > Herz-Kreislauf";10;"10.44 EUR";40%;"4.16 EUR";"Schüßler Salz Nr. 7";https://www.vamida.at/media/catalog/product/cache/0/image/400x365/9df78eab33525d08d6e5fb8d27136e95/b/i/biochemie_nach_dr._sch_ler_nr._7_250g.jpg;https://www.vamida.at/schussler-salz-nr-7-magnesium-phosphoricum-250g.html;onSale;Active
AT-P2262230-100G;"Schüßler Salz Nr. 7 Magnesium phosphoricum 100G";"5.89 EUR";"7.75 EUR";2262230;"Die natürliche Heilkraft der Schüßler Salze nutzen!";"Schüßler Salz Nr. 7";"Naturheilmittel > Schüßler Mineralstoffe > Schüßler-Salze > Körperpflege > Schlaf > Frauengesundheit > Verdauung > Herz-Kreislauf";14;"5.89 EUR";32%;"1.86 EUR";"Schüßler Salz Nr. 7";https://www.vamida.at/media/catalog/product/cache/0/image/400x365/9df78eab33525d08d6e5fb8d27136e95/b/i/biochemie_nach_dr._sch_ler_nr._7_100g_1.jpg;https://www.vamida.at/schussler-salz-nr-7-magnesium-phosphoricum-100g.html;onSale;Active
AT-P2262141-250G;"Schüßler Salz Nr. 6 Kalium sulfuricum 250G";"11.38 EUR";"14.60 EUR";2262141;"Die Sauerstoffversorgung der Zellen unterstützen!";"Schüßler Salz Nr. 6";"Naturheilmittel > Schüßler Mineralstoffe > Schüßler-Salze > Erkältung > leistungssteigernde Mittel > Mundhygiene";6;"11.38 EUR";28%;"3.22 EUR";"Schüßler Salz Nr. 6";https://www.vamida.at/media/catalog/product/cache/0/image/400x365/9df78eab33525d08d6e5fb8d27136e95/b/i/biochemie_nach_dr._sch_ler_nr._6_250g.jpg;https://www.vamida.at/schussler-salz-nr-6-kalium-sulfuricum-250g.html;onSale;Active
AT-P2262112-100G;"Schüßler Salz Nr. 6 Kalium sulfuricum 100G";"5.03 EUR";"7.75 EUR";2262112;"Die Sauerstoffversorgung der Zellen unterstützen!";"Schüßler Salz Nr. 6";"Naturheilmittel > Schüßler Mineralstoffe > Schüßler-Salze > Erkältung > leistungssteigernde Mittel > Mundhygiene";7;"5.03 EUR";54%;"2.72 EUR";"Schüßler Salz Nr. 6";https://www.vamida.at/media/catalog/product/cache/0/image/400x365/9df78eab33525d08d6e5fb8d27136e95/b/i/biochemie_nach_dr._sch_ler_nr._6_100g_1.jpg;https://www.vamida.at/schussler-salz-nr-6-kalium-sulfuricum-100g.html;onSale;Active
AT-P2262017-250G;"Schüßler Salz Nr. 5 Kalium phosphoricum 250G";"11.38 EUR";"14.60 EUR";2262017;"Das vitalisierende Schüßler Salz Nr. 5";"Schüßler Salz Nr. 5";"Naturheilmittel > Schüßler Mineralstoffe > Schüßler-Salze > Erkältung > leistungssteigernde Mittel > Mundhygiene";6;"11.38 EUR";28%;"3.22 EUR";"Schüßler Salz Nr. 5";https://www.vamida.at/media/catalog/product/cache/0/image/400x365/9df78eab33525d08d6e5fb8d27136e95/b/i/biochemie_nach_dr._sch_ler_nr._5_250g.jpg;https://www.vamida.at/schussler-salz-nr-5-kalium-phosphoricum-250g.html;onSale;Active
AT-P2261986-100G;"Schüßler Salz Nr. 5 Kalium phosphoricum 100G";"5.03 EUR";"7.75 EUR";2261986;"Das vitalisierende Schüßler Salz Nr. 5";"Schüßler Salz Nr. 5";"Naturheilmittel > Schüßler Mineralstoffe > Schüßler-Salze > Erkältung > leistungssteigernde Mittel > Mundhygiene";5;"5.03 EUR";54%;"2.72 EUR";"Schüßler Salz Nr. 5";https://www.vamida.at/media/catalog/product/cache/0/image/400x365/9df78eab33525d08d6e5fb8d27136e95/b/i/biochemie_nach_dr._sch_ler_nr._5_100g_1.jpg;https://www.vamida.at/schussler-salz-nr-5-kalium-phosphoricum-100g.html;onSale;Active
AT-P2261880-250G;"Schüßler Salz Nr. 4 Kalium chloratum 250G";"11.82 EUR";"14.60 EUR";2261880;"Die vielseitige Heilkraft der Schüßler Salze nutzen!";"Schüßler Salz Nr. 4";"Naturheilmittel > Schüßler Mineralstoffe > Schüßler-Salze > Erkältung > Blutgefäße";7;"11.82 EUR";24%;"2.78 EUR";"Schüßler Salz Nr. 4";https://www.vamida.at/media/catalog/product/cache/0/image/400x365/9df78eab33525d08d6e5fb8d27136e95/b/i/biochemie_nach_dr._sch_ler_nr._4_250g.jpg;https://www.vamida.at/schussler-salz-nr-4-kalium-chloratum-250g.html;onSale;Active
AT-P2261851-100G;"Schüßler Salz Nr. 4 Kalium chloratum 100G";"5.03 EUR";"7.75 EUR";2261851;"Die vielseitige Heilkraft der Schüßler Salze nutzen!";"Schüßler Salz Nr. 4";"Naturheilmittel > Schüßler Mineralstoffe > Schüßler-Salze > Erkältung > Blutgefäße";9;"5.03 EUR";54%;"2.72 EUR";"Schüßler Salz Nr. 4";https://www.vamida.at/media/catalog/product/cache/0/image/400x365/9df78eab33525d08d6e5fb8d27136e95/b/i/biochemie_nach_dr._sch_ler_nr._4_100g_1.jpg;https://www.vamida.at/schussler-salz-nr-4-kalium-chloratum-100g.html;onSale;Active
AT-P2261762-250G;"Schüßler Salz Nr. 3 Ferrum phosphoricum 250G";"11.38 EUR";"14.60 EUR";2261762;"Mithilfe von Schüßler Salzen den Körper unterstützen!";"Schüßler Salz Nr. 3";"Naturheilmittel > Schüßler Mineralstoffe > Schüßler-Salze > Schmerzmittel > Wundversorgung";8;"11.38 EUR";28%;"3.22 EUR";"Schüßler Salz Nr. 3";https://www.vamida.at/media/catalog/product/cache/0/image/400x365/9df78eab33525d08d6e5fb8d27136e95/b/i/biochemie_nach_dr._sch_ler_nr._3_250g.jpg;https://www.vamida.at/schussler-salz-nr-3-ferrum-phosphoricum-250g.html;onSale;Active
AT-P2261727-100G;"Schüßler Salz Nr. 3 Ferrum phosphoricum 100G";"5.03 EUR";"7.75 EUR";2261727;"Mithilfe von Schüßler Salzen den Körper unterstützen!";"Schüßler Salz Nr. 3";"Naturheilmittel > Schüßler Mineralstoffe > Schüßler-Salze > Schmerzmittel > Wundversorgung";11;"5.03 EUR";54%;"2.72 EUR";"Schüßler Salz Nr. 3";https://www.vamida.at/media/catalog/product/cache/0/image/400x365/9df78eab33525d08d6e5fb8d27136e95/b/i/biochemie_nach_dr._sch_ler_nr._3_100g_1.jpg;https://www.vamida.at/schussler-salz-nr-3-ferrum-phosphoricum-100g.html;onSale;Active
AT-P2261615-250G;"Schüßler Salz Nr. 2 Calcium phosphoricum 250G";"11.38 EUR";"14.60 EUR";2261615;"Mithilfe von Schüßler Salzen den Körper stärken!";"Schüßler Salz Nr. 2";"Naturheilmittel > Schüßler Mineralstoffe > Schüßler-Salze > Schmerzmittel";4;"11.38 EUR";28%;"3.22 EUR";"Schüßler Salz Nr. 2";https://www.vamida.at/media/catalog/product/cache/0/image/400x365/9df78eab33525d08d6e5fb8d27136e95/b/i/biochemie_nach_dr._sch_ler_nr._2_250g.jpg;https://www.vamida.at/schussler-salz-nr-2-calcium-phosphoricum-250g.html;onSale;Active
AT-P2261584-100G;"Schüßler Salz Nr. 2 Calcium phosphoricum 100G";"5.03 EUR";"7.75 EUR";2261584;"Mithilfe von Schüßler Salzen den Körper stärken!";"Schüßler Salz Nr. 2";"Naturheilmittel > Schüßler Mineralstoffe > Schüßler-Salze > Schmerzmittel";5;"5.03 EUR";54%;"2.72 EUR";"Schüßler Salz Nr. 2";https://www.vamida.at/media/catalog/product/cache/0/image/400x365/9df78eab33525d08d6e5fb8d27136e95/b/i/biochemie_nach_dr._sch_ler_nr._2_100g_1.jpg;https://www.vamida.at/schussler-salz-nr-2-calcium-phosphoricum-100g.html;onSale;Active
AT-P2261495-250G;"Schüßler Salz Nr. 1 Calcium fluoratum 250G";"10.45 EUR";"14.60 EUR";2261495;"Das Schüßler Salz für Haut, Zähne und Knochen";"Schüßler Salz Nr. 1";"Naturheilmittel > Schüßler Mineralstoffe > Schüßler-Salze > Körperpflege > Mundhygiene";0;"10.45 EUR";40%;"4.15 EUR";"Schüßler Salz Nr. 1";https://www.vamida.at/media/catalog/product/cache/0/image/400x365/9df78eab33525d08d6e5fb8d27136e95/b/i/biochemie_nach_dr._sch_ler_nr._1_250g.jpg;https://www.vamida.at/schussler-salz-nr-1-calcium-fluoratum-250g.html;onSale;Active
AT-P2261466-100G;"Schüßler Salz Nr. 1 Calcium fluoratum 100G";"5.03 EUR";"7.75 EUR";2261466;"Das Schüßler Salz für Haut, Zähne und Knochen";"Schüßler Salz Nr. 1";"Naturheilmittel > Schüßler Mineralstoffe > Schüßler-Salze > Körperpflege > Mundhygiene";6;"5.03 EUR";54%;"2.72 EUR";"Schüßler Salz Nr. 1";https://www.vamida.at/media/catalog/product/cache/0/image/400x365/9df78eab33525d08d6e5fb8d27136e95/b/i/biochemie_nach_dr._sch_ler_nr._1_100g_1.jpg;https://www.vamida.at/schussler-salz-nr-1-calcium-fluoratum-100g.html;onSale;Active
AT-P3335741-10G;"Bach Original Rescue Globuli - AUFGELASSEN";"6.29 EUR";"9.00 EUR";3335741;;"Bach Original Rescue Globuli - AUFGELASSEN";"Naturheilmittel > Bach Original > Wintersport & Ski-Urlaub > Körperpflege > Entspannung > Schlaf > homöopathische Mittel";0;"6.29 EUR";43%;"2.71 EUR";;https://www.vamida.at/media/catalog/product/cache/0/image/400x365/9df78eab33525d08d6e5fb8d27136e95/A/T/AT-P3335741-10G-18523366.jpg;https://www.vamida.at/bach-original-rescue-globuli.html;onSale;"Not Active"
AT-P2673714-20ML;"Bach Original Rescue Spray";"16.13 EUR";"19.48 EUR";2673714;"Die natürliche Hilfe in aufregenden Situationen";"Bach Original Rescue";"Beruhigung, Schlaf & Nerven > Naturheilmittel > Bach Original > Körperpflege > Entspannung > Schlaf > leistungssteigernde Mittel > Nahrungsergänzungsmittel";0;"16.13 EUR";21%;"3.35 EUR";"Bach Original Rescue";https://www.vamida.at/media/catalog/product/cache/0/image/400x365/9df78eab33525d08d6e5fb8d27136e95/A/T/AT-P2673714-20ML-18267668.jpg;https://www.vamida.at/bach-original-rescue-spray.html;onSale;Active
AT-P1130130-20ML;"Exoderil 1% Lösung";"9.45 EUR";"13.15 EUR";1130130;"Exoderil 1% heilt rasch Pilzerkrankungen der Füße,";"Exoderil 1%";"Haut, Haare & Nägel > Körperpflege > Haut Haare & Nägel";39;"9.45 EUR";39%;"3.70 EUR";"Exoderil 1%";https://www.vamida.at/media/catalog/product/cache/0/image/400x365/9df78eab33525d08d6e5fb8d27136e95/A/T/AT-P1130130-20ML-18263576.jpg;https://www.vamida.at/exoderil-1-losung.html;onSale;Active
AT-P3886323-20ST;"Dr. Kottas Frauentee";"3.70 EUR";"4.80 EUR";3886323;"Hochwertige Kräuterteemischung für die Wechseljahre";"Dr. Kottas";"Für Sie & Ihn > Die Frau in den Wechseljahren > Dr. Kottas > Frauengesundheit > Schwangerschaft > gesunde Nahrungsmittel";0;"3.70 EUR";30%;"1.10 EUR";"Dr. Kottas, Dr. Kottas Frauentee, Frauentee";https://www.vamida.at/media/catalog/product/cache/0/image/400x365/9df78eab33525d08d6e5fb8d27136e95/A/T/AT-P3886323-20ST-18172378.jpg;https://www.vamida.at/dr-kottas-frauentee-20st.html;onSale;Active
AT-P3886375-20ST;"Dr. Kottas Anis-Fencheltee";"3.70 EUR";"4.80 EUR";3886375;"Dr. Kottas Anis- Fencheltee ist gut für die Verdauung";"Dr. Kottas";"Magen & Darm > Dr. Kottas > Körperpflege > Verdauung > gesunde Nahrungsmittel";3;"3.70 EUR";30%;"1.10 EUR";"Dr. Kottas";https://www.vamida.at/media/catalog/product/cache/0/image/400x365/9df78eab33525d08d6e5fb8d27136e95/A/T/AT-P3886375-20ST-18171385.jpg;https://www.vamida.at/dr-kottas-anis-fencheltee-20st.html;onSale;Active
AT-P3886607-20ST;"Dr. Kottas Fencheltee";"2.56 EUR";"3.90 EUR";3886607;"Kräutertee zur Unterstützung der Verdauung";"Dr. Kottas";"Magen & Darm > Dr. Kottas > Abverkauf > Schwangerschaft > Babys und Kinder > Verdauung > gesunde Nahrungsmittel";0;"2.56 EUR";52%;"1.34 EUR";"Dr. Kottas";https://www.vamida.at/media/catalog/product/cache/0/image/400x365/9df78eab33525d08d6e5fb8d27136e95/A/T/AT-P3886607-20ST-18170707.jpg;https://www.vamida.at/dr-kottas-fencheltee-20st.html;onSale;Active
AT-P3784901-16ST;"Paradolor Erdbeer-Vanille 250mg";"4.06 EUR";"6.25 EUR";3784901;"Der Schmerz-Stick mit dem Wirkungs-Kick";Paradolor;"Schmerzen & Verletzungen > Kinder & Jugendliche > Paradolor > Stada Arzneimittel > Erkältung > Frauengesundheit > Schmerzmittel > Babys und Kinder";2;"4.06 EUR";54%;"2.19 EUR";Paradolor;https://www.vamida.at/media/catalog/product/cache/0/image/400x365/9df78eab33525d08d6e5fb8d27136e95/A/T/AT-P3784901-16ST-18235735.jpg;https://www.vamida.at/paradolor-erdbeer-vanille-250mg.html;onSale;Active
AT-P3784918-16ST;"Paradolor Erdbeer-Vanille 500mg";"5.29 EUR";"7.95 EUR";3784918;"Der Schmerz-Stick mit dem Wirkungs-Kick für unterwegs";Paradolor;"Schmerzen & Verletzungen > Paradolor > Stada Arzneimittel > Erkältung > Frauengesundheit > Schmerzmittel";1;"5.29 EUR";50%;"2.66 EUR";Paradolor;https://www.vamida.at/media/catalog/product/cache/0/image/400x365/9df78eab33525d08d6e5fb8d27136e95/A/T/AT-P3784918-16ST-18235933.jpg;https://www.vamida.at/paradolor-erdbeer-vanille-500mg.html;onSale;Active
AT-P3784893-16ST;"Paradolor Cappuccino 500mg - zurzeit nicht lieferbar";"5.08 EUR";"7.95 EUR";3784893;"Der Schmerz-Stick mit dem Wirkungs-Kick für unterwegs";Paradolor;"Schmerzen & Verletzungen > Paradolor > Stada Arzneimittel > Erkältung > Frauengesundheit > Schmerzmittel > Summer Sale 2016";0;"5.08 EUR";56%;"2.87 EUR";Paradolor;https://www.vamida.at/media/catalog/product/cache/0/image/400x365/9df78eab33525d08d6e5fb8d27136e95/A/T/AT-P3784893-16ST-18235832.jpg;https://www.vamida.at/paradolor-cappuccino-500mg.html;onSale;Active
AT-P2386392-1ST;"Xenofit Heisses C";"7.17 EUR";"8.50 EUR";2386392;"Xenofit - der tägliche Vitamin „Kick“";Xenofit;"Nahrungsergänzung & Vitalität > Verla > Abverkauf > Nahrungsergänzungsmittel";0;"7.17 EUR";19%;"1.33 EUR";Xenofit;https://www.vamida.at/media/catalog/product/cache/0/image/400x365/9df78eab33525d08d6e5fb8d27136e95/A/T/AT-P2386392-1ST-18210222.jpg;https://www.vamida.at/xenofit-heisses-c.html;onSale;Active
AT-P3478191-30ST;"Macalvit Orange Brausetabletten";"11.89 EUR";"14.60 EUR";3478191;"Für gesunde Knochen und Zähne";"Macalvit Orange";"Nahrungsergänzung & Vitalität > Nahrungsergänzungsmittel";1;"11.89 EUR";23%;"2.71 EUR";"Macalvit Orange";https://www.vamida.at/media/catalog/product/cache/0/image/400x365/9df78eab33525d08d6e5fb8d27136e95/A/T/AT-P3478191-30ST-17722769.jpg;https://www.vamida.at/macalvit-orange-brausetabletten.html;onSale;Active
AT-P3393678-60ST;"Liposinol plus ";"32.16 EUR";"39.50 EUR";3393678;"Natürliche Fettbinder mit 3-fach Wirkung und Vitaminen";"Liposinol plus";"Abnehmen & Diät > Abnehmen > homöopathische Mittel";1;"32.16 EUR";23%;"7.34 EUR";"Liposinol plus";https://www.vamida.at/media/catalog/product/cache/0/image/400x365/9df78eab33525d08d6e5fb8d27136e95/A/T/AT-P3393678-60ST-17722570.jpg;https://www.vamida.at/liposinol-plus.html;onSale;Active
AT-P3734582-60ST;"Liposinol - AUFGELASSEN";"33.58 EUR";"39.50 EUR";3734582;;"Liposinol - AUFGELASSEN";"Abnehmen & Diät";0;"33.58 EUR";18%;"5.93 EUR";;https://www.vamida.at/media/catalog/product/cache/0/image/400x365/9df78eab33525d08d6e5fb8d27136e95/A/T/AT-P3734582-60ST-17722331.jpg;https://www.vamida.at/liposinol-aufgelassen.html;onSale;"Not Active"
AT-P1251129-20ML;"Vibrocil Nasenspray";"5.01 EUR";"9.40 EUR";1251129;"Stoppt lästigen Niesreiz, öffnet die Nase";Vibrocil;"Allergie & Heuschnupfen > Erkältung & Abwehr > Nasivin/Vibrocil > Heuschnupfen & Pollenallergie > Erkältung";13;"5.01 EUR";88%;"4.39 EUR";Vibrocil;https://www.vamida.at/media/catalog/product/cache/0/image/400x365/9df78eab33525d08d6e5fb8d27136e95/A/T/AT-P1251129-20ML-18210052.jpg;https://www.vamida.at/vibrocil-nasenspray-20ml.html;onSale;Active
AT-P0842118-10G;"Vibrocil Nasengel - AUFGELASSEN";"3.36 EUR";"3.95 EUR";842118;;"Vibrocil Nasengel - AUFGELASSEN";"Erkältung & Abwehr > Nasivin/Vibrocil";0;"3.36 EUR";18%;"0.59 EUR";;https://www.vamida.at/media/catalog/product/cache/0/image/400x365/9df78eab33525d08d6e5fb8d27136e95/A/T/AT-P0842118-10G-17722041.jpg;https://www.vamida.at/vibrocil-nasengel-aufgelassen.html;onSale;"Not Active"
AT-P0150099-12ST;"Viburcol Kinderzäpfchen";"5.48 EUR";"8.55 EUR";150099;"Zur Behandlung von Unruhezuständen";Viburcol;"Beruhigung, Schlaf & Nerven > Naturheilmittel > Homöopathie > Kinder & Jugendliche > Dr. Peithner > Erkältung > Schlaf > homöopathische Mittel > Babys und Kinder";9;"5.48 EUR";56%;"3.07 EUR";Viburcol;https://www.vamida.at/media/catalog/product/cache/0/image/400x365/9df78eab33525d08d6e5fb8d27136e95/A/T/AT-P0150099-12ST-17637161.jpg;https://www.vamida.at/viburcol-kinderzapfchen.html;onSale;Active
AT-P0034660-70G;"Midro Tee";"4.98 EUR";"7.70 EUR";34660;"Zur Behebung von gelegentlichen Verstopfungen";"Midro Tee";"Magen & Darm > Verdauung > gesunde Nahrungsmittel";8;"4.98 EUR";55%;"2.72 EUR";"Midro Tee";https://www.vamida.at/media/catalog/product/cache/0/image/400x365/9df78eab33525d08d6e5fb8d27136e95/m/i/midro_tee_70g.jpg;https://www.vamida.at/midro-tee.html;onSale;Active
AT-P0034648-4ST;"Microklist - AUFGELASSEN - Nachfolger Microlax";"4.69 EUR";"6.45 EUR";34648;;"Microklist - AUFGELASSEN - Nachfolger Microlax";"Magen & Darm";0;"4.69 EUR";38%;"1.76 EUR";;https://www.vamida.at/media/catalog/product/cache/0/image/400x365/9df78eab33525d08d6e5fb8d27136e95/A/T/AT-P0034648-4ST-17186780.jpg;https://www.vamida.at/microklist-4st.html;onSale;"Not Active"
AT-P2441004-60ST;"Klimadynon  - zurzeit nicht lieferbar";"7.59 EUR";"9.90 EUR";2441004;;"Klimadynon  - zurzeit nicht lieferbar";"Für Sie & Ihn > Die Frau in den Wechseljahren";0;"7.59 EUR";30%;"2.31 EUR";;https://www.vamida.at/media/catalog/product/cache/0/image/400x365/9df78eab33525d08d6e5fb8d27136e95/b/i/bionorica-klimadynon-filmtabletten-60st-verpackung-1.jpg;https://www.vamida.at/klimadynon.html;onSale;"Not Active"
AT-P0917201-100ML;"Rohde Hirschtalgcreme - AUFGELASSEN";"5.23 EUR";"7.75 EUR";917201;;"Rohde Hirschtalgcreme - AUFGELASSEN";"Kosmetik & Pflegeprodukte";0;"5.23 EUR";48%;"2.52 EUR";;https://www.vamida.at/media/catalog/product/cache/0/image/400x365/9df78eab33525d08d6e5fb8d27136e95/A/T/AT-P0917201-100ML-17037310.jpg;https://www.vamida.at/rohde-hirschtalgcreme.html;onSale;"Not Active"
AT-P3129792-500ML;"Leaton sine";"11.78 EUR";"16.90 EUR";3129792;"Das Multivitamin-Tonikum ohne Alkohol und ohne Zucker";"Leaton sine";"Nahrungsergänzung & Vitalität > Leaton > Erkältung > Nahrungsergänzungsmittel";0;"11.78 EUR";43%;"5.12 EUR";"Leaton sine";https://www.vamida.at/media/catalog/product/cache/0/image/400x365/9df78eab33525d08d6e5fb8d27136e95/A/T/AT-P3129792-500ML-17031409.jpg;https://www.vamida.at/leaton-sine.html;onSale;Active
AT-P3133339-500ML;"Leaton kinder ";"11.78 EUR";"16.90 EUR";3133339;"Speziell für Kinder mit leckerem Fruchtgeschmack";"Leaton kinder";"Nahrungsergänzung & Vitalität > Leaton > Kinder & Jugendliche > Erkältung > Babys und Kinder > Nahrungsergänzungsmittel";0;"11.78 EUR";43%;"5.12 EUR";"Leaton kinder";https://www.vamida.at/media/catalog/product/cache/0/image/400x365/9df78eab33525d08d6e5fb8d27136e95/A/T/AT-P3133339-500ML-17028695.jpg;https://www.vamida.at/leaton-kinder.html;onSale;Active
AT-P3207262-500ML;"Leaton complete";"13.23 EUR";"19.90 EUR";3207262;"Mit Ginseng, Ginkgo, Lecithin, Lutein und Lycopin";"Leaton complete";"Nahrungsergänzung & Vitalität > Leaton > Erkältung > Nahrungsergänzungsmittel";24;"13.23 EUR";50%;"6.67 EUR";"Leaton complete";https://www.vamida.at/media/catalog/product/cache/0/image/400x365/9df78eab33525d08d6e5fb8d27136e95/A/T/AT-P3207262-500ML-17028821.jpg;https://www.vamida.at/leaton-complete.html;onSale;Active
AT-P3129786-500ML;"Leaton classic";"10.93 EUR";"16.90 EUR";3129786;"Das Multivitamin- Tonikum für jeden Tag";"Leaton classic";"Nahrungsergänzung & Vitalität > Leaton > Erkältung > Nahrungsergänzungsmittel";0;"10.93 EUR";55%;"5.97 EUR";"Leaton classic";https://www.vamida.at/media/catalog/product/cache/0/image/400x365/9df78eab33525d08d6e5fb8d27136e95/A/T/AT-P3129786-500ML-17028754.jpg;https://www.vamida.at/leaton-classic.html;onSale;Active
AT-P1339077-20ST;"Sangenor Trinkampullen";"13.79 EUR";"19.85 EUR";1339077;"Bringt Energie und hält Sie gesund!";Sangenor;"Nahrungsergänzung & Vitalität > Sport & Fitness > leistungssteigernde Mittel > Nahrungsergänzungsmittel";8;"13.79 EUR";44%;"6.06 EUR";Sangenor;https://www.vamida.at/media/catalog/product/cache/0/image/400x365/9df78eab33525d08d6e5fb8d27136e95/A/T/AT-P1339077-20ST-17099376.jpg;https://www.vamida.at/sangenor-trinkampullen.html;onSale;Active
AT-P2345246-20ST;"Sangenor Sport";"8.88 EUR";"10.90 EUR";2345246;"Vitamin- und Mineralstoff- versorgung für Sportler!";"Sangenor Sport";"Nahrungsergänzung & Vitalität > Sport & Fitness > Wintersport & Ski-Urlaub > Nahrungsergänzungsmittel";2;"8.88 EUR";23%;"2.02 EUR";"Sangenor Sport";https://www.vamida.at/media/catalog/product/cache/0/image/400x365/9df78eab33525d08d6e5fb8d27136e95/A/T/AT-P2345246-20ST-17099158.jpg;https://www.vamida.at/sangenor-sport.html;onSale;Active
AT-P1333436-15ML;"Nasivin Sanft Spray 0,025% (auch für Kleinkinder) - Nachfolge PZN 4457446";"6.95 EUR";"9.95 EUR";1333436;"Lässt Schnupfennasen wieder aufatmen!";"Nasivin Sanft";"Erkältung & Abwehr > Nasivin/Vibrocil > Kinder & Jugendliche > Erkältung > Babys und Kinder";10;"6.95 EUR";43%;"3.00 EUR";"Nasivin Sanft";https://www.vamida.at/media/catalog/product/cache/0/image/400x365/9df78eab33525d08d6e5fb8d27136e95/A/T/AT-P1333436-15ML-18208965.jpg;https://www.vamida.at/nasivin-sanft-spray-0-025-auch-fur-kleinkinder.html;onSale;"Not Active"
AT-P1330478-15ML;"Nasivin Sanft Spray 0,05% - AUFGELASSEN - Nachfolge PZN 4457423";"7.48 EUR";"9.95 EUR";1330478;"Die schnelle und schonende Hilfe für Schnupfennasen!";"Nasivin Sanft";"Erkältung & Abwehr > Nasivin/Vibrocil > Erkältung";0;"7.48 EUR";33%;"2.47 EUR";"Nasivin Sanft";https://www.vamida.at/media/catalog/product/cache/0/image/400x365/9df78eab33525d08d6e5fb8d27136e95/n/a/nasivin-sanft-spray-0_05_-15ml-fertig.jpg;https://www.vamida.at/nasivin-sanft-spray-0-05.html;onSale;"Not Active"
AT-P2420918-15G;"Similasan Globuli gegen Schnupfen Nr. 3";"8.89 EUR";"13.90 EUR";2420918;"Lindert Schnupfenbeschwerden mit verstopften Nasennebenhöhle";Similasan;"Erkältung & Abwehr > Naturheilmittel > Homöopathie > Similasan > Erkältung > homöopathische Mittel";0;"8.89 EUR";56%;"5.01 EUR";Similasan;https://www.vamida.at/media/catalog/product/cache/0/image/400x365/9df78eab33525d08d6e5fb8d27136e95/s/i/similasan_globuli_gegen_schnupfen_nr._3.jpg;https://www.vamida.at/similasan-globuli-gegen-schnupfen-nr-3.html;onSale;Active
AT-P2420901-15G;"Similasan Globuli gegen Schnupfen Nr. 2";"8.89 EUR";"13.90 EUR";2420901;"Lindern Arten von Schnupfen";Similasan;"Erkältung & Abwehr > Naturheilmittel > Homöopathie > Similasan > Erkältung > homöopathische Mittel > Summer Sale 2016";1;"8.89 EUR";56%;"5.01 EUR";Similasan;https://www.vamida.at/media/catalog/product/cache/0/image/400x365/9df78eab33525d08d6e5fb8d27136e95/s/i/similasan_globuli_gegen_schnupfen_nr._2.jpg;https://www.vamida.at/similasan-globuli-gegen-schnupfen-nr-2.html;onSale;Active
AT-P2420893-15G;"Similasan Globuli gegen Schnupfen Nr. 1";"8.89 EUR";"13.90 EUR";2420893;"Mit der homöopathischen Kraft gegen Schnupfen";Similasan;"Erkältung & Abwehr > Naturheilmittel > Homöopathie > Similasan > Erkältung > homöopathische Mittel > Summer Sale 2016";6;"8.89 EUR";56%;"5.01 EUR";Similasan;https://www.vamida.at/media/catalog/product/cache/0/image/400x365/9df78eab33525d08d6e5fb8d27136e95/s/i/similasan_glubuli_gegen_schnupfen_nr._1.jpg;https://www.vamida.at/similasan-globuli-gegen-schnupfen-nr-1.html;onSale;Active
AT-P2441978-15G;"Similasan Globuli gegen Schlafstörungen";"8.89 EUR";"13.90 EUR";2441978;"Die natürliche Behandlung bei Schlafstörungen";Similasan;"Beruhigung, Schlaf & Nerven > Naturheilmittel > Homöopathie > Similasan > Körperpflege > Schlaf > homöopathische Mittel";5;"8.89 EUR";56%;"5.01 EUR";Similasan;https://www.vamida.at/media/catalog/product/cache/0/image/400x365/9df78eab33525d08d6e5fb8d27136e95/s/i/similasan_globuli_gegen_schlafst_rung.jpg;https://www.vamida.at/similasan-globuli-gegen-schlafstorungen.html;onSale;Active
AT-P2441961-15G;"Similasan Globuli gegen Kopfschmerzen";"8.89 EUR";"13.90 EUR";2441961;"Natürliche Hilfe bei Kopfschmerzen und Migräne";Similasan;"Naturheilmittel > Schmerzen & Verletzungen > Homöopathie > Similasan > homöopathische Mittel > Schmerzmittel > Wundversorgung";4;"8.89 EUR";56%;"5.01 EUR";Similasan;https://www.vamida.at/media/catalog/product/cache/0/image/400x365/9df78eab33525d08d6e5fb8d27136e95/s/i/similasan_globuli_gegen_kopfschmerzen.jpg;https://www.vamida.at/similasan-globuli-gegen-kopfschmerzen.html;onSale;Active
AT-P2420870-15G;"Similasan Globuli gegen Husten Nr. 2";"8.89 EUR";"13.90 EUR";2420870;"Lindern Hustenbeschwerden und erleichtert das Abhusten";Similasan;"Erkältung & Abwehr > Naturheilmittel > Homöopathie > Similasan > Erkältung > homöopathische Mittel > Summer Sale 2016";0;"8.89 EUR";56%;"5.01 EUR";Similasan;https://www.vamida.at/media/catalog/product/cache/0/image/400x365/9df78eab33525d08d6e5fb8d27136e95/s/i/similasan_globuli_gegen_husten_nr.2.jpg;https://www.vamida.at/similasan-globuli-gegen-husten-nr-2.html;onSale;Active
AT-P2420864-15G;"Similasan Globuli gegen Husten Nr. 1";"8.89 EUR";"13.90 EUR";2420864;"Hlft auf natürliche Weise bei Reizhusten";Similasan;"Erkältung & Abwehr > Naturheilmittel > Homöopathie > Similasan > Erkältung > homöopathische Mittel";0;"8.89 EUR";56%;"5.01 EUR";Similasan;https://www.vamida.at/media/catalog/product/cache/0/image/400x365/9df78eab33525d08d6e5fb8d27136e95/s/i/similasan_globuli_gegen_husten_nr._1.jpg;https://www.vamida.at/similasan-globuli-gegen-husten-nr-1.html;onSale;Active
AT-P1302312-15ML;"Nasivin Nasentropfen 0,05% ";"5.20 EUR";"7.45 EUR";1302312;"Zuverlässige Hilfe für Schnupfennasen!";Nasivin;"Erkältung & Abwehr > Nasivin/Vibrocil > Erkältung";1359;"5.20 EUR";43%;"2.25 EUR";Nasivin;https://www.vamida.at/media/catalog/product/cache/0/image/400x365/9df78eab33525d08d6e5fb8d27136e95/A/T/AT-P1302312-15ML-18208376.jpg;https://www.vamida.at/nasivin-nasentropfen-0-05.html;onSale;Active
AT-P1262995-15ML;"Nasivin Nasenspray 0,05% - Nachfolge PZN 4457417";"6.93 EUR";"9.45 EUR";1262995;"Die schnelle Hilfe für Schnupfennasen!";Nasivin;"Erkältung & Abwehr > Nasivin/Vibrocil > Black Friday Sale 2013 bei Vamida > Erkältung";0;"6.93 EUR";36%;"2.52 EUR";Nasivin;https://www.vamida.at/media/catalog/product/cache/0/image/400x365/9df78eab33525d08d6e5fb8d27136e95/A/T/AT-P1262995-15ML-18208751.jpg;https://www.vamida.at/nasivin-nasenspray-0-05.html;onSale;"Not Active"
AT-P3448528-60ST;"Doppelherz system Omega-3 Konzentrat 60ST";"14.85 EUR";"18.95 EUR";3448528;"Für geistige Fitness und für Ihr Herz";"Doppelherz system";"Herz, Kreislauf & Gefäße > Doppelherz > Herz-Kreislauf > Nahrungsergänzungsmittel";0;"14.85 EUR";28%;"4.10 EUR";"Doppelherz system";https://www.vamida.at/media/catalog/product/cache/0/image/400x365/9df78eab33525d08d6e5fb8d27136e95/0/6/06132731_omega3_konzentrat_60er_li_600x600.jpg;https://www.vamida.at/doppelherz-system-omega-3-konzentrat-60st.html;onSale;Active
AT-P3821192-30ST;"Doppelherz system Kollagen 11.000 plus";"36.13 EUR";"44.95 EUR";3821192;"Zur Unterstützung Ihres Bewegungsapparates";"Doppelherz system";"Rücken, Gelenke & Muskeln > Doppelherz > Körperpflege > Herz-Kreislauf > Nahrungsergänzungsmittel > Herbst Abverkauf";4;"36.13 EUR";24%;"8.82 EUR";"Doppelherz system";https://www.vamida.at/media/catalog/product/cache/0/image/400x365/9df78eab33525d08d6e5fb8d27136e95/A/T/AT-P3821192-30ST-17636542.jpg;https://www.vamida.at/doppelherz-system-kollagen-11-000-plus.html;onSale;Active
AT-P3986065-60ST;"Doppelherz system Glucosamin plus 800 60ST - Packungsgröße zurzeit nicht lieferbar ";"21.12 EUR";"26.95 EUR";3986065;"Gutes für Knochen, Knorpel und Bindegewebe";"Doppelherz system";"Rücken, Gelenke & Muskeln > Doppelherz";0;"21.12 EUR";28%;"5.83 EUR";"Doppelherz system";https://www.vamida.at/media/catalog/product/cache/0/image/400x365/9df78eab33525d08d6e5fb8d27136e95/0/9/09337936_glucosamin_plus_800_60er_li_600x600px.jpg;https://www.vamida.at/doppelherz-system-glucosamin-plus-800-60st.html;onSale;Active
AT-P3448468-60ST;"Doppelherz system Augen plus Sehkraft + Schutz + Tränenfilm Formel 60ST";"14.85 EUR";"18.95 EUR";3448468;"Tränenfilm Formel zum Erhalt der Sehkraft und zum Zellschutz";"Doppelherz system";"Nahrungsergänzung & Vitalität > Doppelherz > Augengesundheit > Augen & Ohren > Augen > Nahrungsergänzungsmittel";1;"14.85 EUR";28%;"4.10 EUR";"Doppelherz system";https://www.vamida.at/media/catalog/product/cache/0/image/400x365/9df78eab33525d08d6e5fb8d27136e95/0/5/05517713_auge_plus_60er_li_600x600px_1.jpg;https://www.vamida.at/doppelherz-system-augen-plus-sehkraft-schutz-tranenfilm-formel-60st.html;onSale;Active
AT-P0031294-6ST;"Lecicarbon Zäpfchen 6ST";"2.03 EUR";"3.20 EUR";31294;"Zur Darmentleerung auch bei hartnäckigen Verstopfungen";Lecicarbon;"Magen & Darm > Verdauung > Summer Sale 2016";0;"2.03 EUR";58%;"1.17 EUR";Lecicarbon;https://www.vamida.at/media/catalog/product/cache/0/image/400x365/9df78eab33525d08d6e5fb8d27136e95/A/T/AT-P0031294-6ST-18207875.jpg;https://www.vamida.at/lecicarbon-zapfchen-6st.html;onSale;Active
AT-P2456402-50ML;"Lefaxin Tropfen";"6.67 EUR";"10.80 EUR";2456402;"Lefaxin Tropfen befreien rasch von Völlegefühl, Blähungen";Lefaxin;"Magen & Darm > Bayer > Verdauung";3;"6.67 EUR";62%;"4.13 EUR";Lefaxin;https://www.vamida.at/media/catalog/product/cache/0/image/400x365/9df78eab33525d08d6e5fb8d27136e95/A/T/AT-P2456402-50ML-16997608.jpg;https://www.vamida.at/lefaxin-tropfen.html;onSale;Active
AT-P2456394-50ST;"Lefaxin Kautabletten";"4.87 EUR";"7.90 EUR";2456394;"Befreit rasch von Völlegefühl, Blähungen";Lefaxin;"Magen & Darm > Bayer > Verdauung";7;"4.87 EUR";62%;"3.03 EUR";Lefaxin;https://www.vamida.at/media/catalog/product/cache/0/image/400x365/9df78eab33525d08d6e5fb8d27136e95/A/T/AT-P2456394-50ST-17093968.jpg;https://www.vamida.at/lefaxin-kautabletten.html;onSale;Active
AT-P1729387-1ST;"Luuf Nasenfrei Inhalierstift - zurzeit nicht lieferbar";"3.01 EUR";"3.80 EUR";1729387;"LUUF Nasenfrei Inhalierstift macht sofort die Nase frei";"Luuf Nasenfrei";"Erkältung & Abwehr > Luuf > Apomedica > Erkältung";0;"3.01 EUR";26%;"0.79 EUR";"Luuf Nasenfrei";https://www.vamida.at/media/catalog/product/cache/0/image/400x365/9df78eab33525d08d6e5fb8d27136e95/l/u/luuf_nasenfr_inhalstift.jpg;https://www.vamida.at/luuf-nasenfrei-inhalierstift.html;onSale;Active
AT-P1327045-15ML;"Luuf Naphazolin compositum Nasenspray";"4.88 EUR";"8.20 EUR";1327045;"Schnupfen ade! Niesreiz ade! Auch bei Heuschnupfen.";"Luuf Naphazolin";"Allergie & Heuschnupfen > Erkältung & Abwehr > Luuf > Apomedica > Erkältung";178;"4.88 EUR";68%;"3.32 EUR";"Luuf Naphazolin";https://www.vamida.at/media/catalog/product/cache/0/image/400x365/9df78eab33525d08d6e5fb8d27136e95/l/u/luuf_nasenspray.jpg;https://www.vamida.at/luuf-naphazolin-compositum-nasenspray.html;onSale;Active
AT-P2340800-20ML;"Luuf Mare Nasenspray";"5.38 EUR";"6.80 EUR";2340800;"Sanfte Nasenreinigung und Nasenpflege";"Luuf Mare";"Erkältung & Abwehr > Luuf > Apomedica > Erkältung";3;"5.38 EUR";26%;"1.42 EUR";"Luuf Mare";https://www.vamida.at/media/catalog/product/cache/0/image/400x365/9df78eab33525d08d6e5fb8d27136e95/l/u/luufmare_aktuell_bl.jpg;https://www.vamida.at/luuf-mare-nasenspray.html;onSale;Active
AT-P2375885-20ML;"Luuf Mare Baby Nasenspray";"5.37 EUR";"6.80 EUR";2375885;"Die sanfte Nasenreinigung für Säuglinge und Kleinkinder";"Luuf Mare Baby";"Erkältung & Abwehr > Luuf > Schwangerschaft & Baby > Apomedica > Erkältung > Schwangerschaft > Babys und Kinder > Summer Sale 2016";2;"5.37 EUR";27%;"1.43 EUR";"Luuf Mare Baby";https://www.vamida.at/media/catalog/product/cache/0/image/400x365/9df78eab33525d08d6e5fb8d27136e95/l/u/luufmarebaby_aktuell_bl.jpg;https://www.vamida.at/luuf-mare-baby-nasenspray.html;onSale;Active
AT-P0639713-1ST;"Luuf Lippenschutz - AUFGELASSEN ";"4.93 EUR";"5.80 EUR";639713;;"Luuf Lippenschutz - AUFGELASSEN";"Kosmetik & Pflegeprodukte > Luuf > Wintersport & Ski-Urlaub > Apomedica > Körperpflege > Summer Sale 2016";0;"4.93 EUR";18%;"0.87 EUR";;https://www.vamida.at/media/catalog/product/cache/0/image/400x365/9df78eab33525d08d6e5fb8d27136e95/l/u/luuf_lippenschutz.jpg;https://www.vamida.at/luuf-lippenschutz.html;onSale;"Not Active"
AT-P3511310-60ST;"Rennie Antacidum Spearmint Lutschtabletten zuckerfrei 60ST";"5.98 EUR";"10.50 EUR";3511310;"Schnelle und effektive Hilfe bei Sodbrennen";Rennie;"Magen & Darm > Rennie > Bayer > Verdauung";27;"5.98 EUR";76%;"4.52 EUR";Rennie;https://www.vamida.at/media/catalog/product/cache/0/image/400x365/9df78eab33525d08d6e5fb8d27136e95/A/T/AT-P3511310-60ST-17099708.jpg;https://www.vamida.at/rennie-antacidum-spearmint-lutschtabletten-zuckerfrei-60st.html;onSale;Active
AT-P2425525-15G;"Similasan Globuli gegen Heiserkeit";"8.89 EUR";"13.90 EUR";2425525;"Lindern Heiserkeit rasch und auf natürliche Weise";Similasan;"Erkältung & Abwehr > Naturheilmittel > Homöopathie > Similasan > Erkältung > homöopathische Mittel > Summer Sale 2016";3;"8.89 EUR";56%;"5.01 EUR";Similasan;https://www.vamida.at/media/catalog/product/cache/0/image/400x365/9df78eab33525d08d6e5fb8d27136e95/A/T/AT-P2425525-15G-16481130.jpg;https://www.vamida.at/similasan-globuli-gegen-heiserkeit.html;onSale;Active
AT-P2420930-15G;"Similasan Globuli gegen Halsweh Nr. 2";"8.89 EUR";"13.90 EUR";2420930;"Fördert den Heilungs- prozess bei Halsentzündungen";Similasan;"Erkältung & Abwehr > Naturheilmittel > Homöopathie > Similasan > Erkältung > homöopathische Mittel";1;"8.89 EUR";56%;"5.01 EUR";Similasan;https://www.vamida.at/media/catalog/product/cache/0/image/400x365/9df78eab33525d08d6e5fb8d27136e95/A/T/AT-P2420930-15G-16481023.jpg;https://www.vamida.at/similasan-globuli-gegen-halsweh-nr-2.html;onSale;Active
AT-P2420924-15G;"Similasan Globuli gegen Halsweh Nr. 1";"8.89 EUR";"13.90 EUR";2420924;"Halsweh auf natürliche Weise behandeln";Similasan;"Erkältung & Abwehr > Naturheilmittel > Homöopathie > Similasan > Erkältung > homöopathische Mittel > Summer Sale 2016";1;"8.89 EUR";56%;"5.01 EUR";Similasan;https://www.vamida.at/media/catalog/product/cache/0/image/400x365/9df78eab33525d08d6e5fb8d27136e95/A/T/AT-P2420924-15G-16480897.jpg;https://www.vamida.at/similasan-globuli-gegen-halsweh-nr-1.html;onSale;Active
AT-P2425494-15G;"Similasan Globuli gegen Grippe - AUFGELASSEN";"10.69 EUR";"13.90 EUR";2425494;;"Similasan Globuli gegen Grippe - AUFGELASSEN";"Erkältung & Abwehr > Naturheilmittel > Homöopathie > Similasan";0;"10.69 EUR";30%;"3.21 EUR";;https://www.vamida.at/media/catalog/product/cache/0/image/400x365/9df78eab33525d08d6e5fb8d27136e95/s/i/similasan-globuli-gegen-grippe-fertig.jpg;https://www.vamida.at/similasan-globuli-gegen-grippe-vorlaufig-nicht-lieferbar.html;onSale;"Not Active"
AT-P2425519-15G;"Similasan Globuli gegen Gelenksschmerzen";"8.89 EUR";"13.90 EUR";2425519;"Auf natürliche Weise Gelenksschmerzen lindern";Similasan;"Rücken, Gelenke & Muskeln > Naturheilmittel > Homöopathie > Similasan > Sport & Fitness > Arthrose und Arthritis > homöopathische Mittel > Schmerzmittel";2;"8.89 EUR";56%;"5.01 EUR";Similasan;https://www.vamida.at/media/catalog/product/cache/0/image/400x365/9df78eab33525d08d6e5fb8d27136e95/A/T/AT-P2425519-15G-16480854.jpg;https://www.vamida.at/similasan-globuli-gegen-gelenksschmerzen.html;onSale;Active
AT-P2441027-15G;"Similasan Globuli gegen Fieber und Grippe Nr. 2 - AUFGELASSEN";"10.69 EUR";"13.90 EUR";2441027;;"Similasan Globuli gegen Fieber und Grippe Nr. 2 - AUFGELASSEN";"Erkältung & Abwehr > Naturheilmittel > Homöopathie > Similasan";0;"10.69 EUR";30%;"3.21 EUR";;https://www.vamida.at/media/catalog/product/cache/0/image/400x365/9df78eab33525d08d6e5fb8d27136e95/A/T/AT-P2441027-15G-16480810.jpg;https://www.vamida.at/similasan-globuli-gegen-fieber-und-grippe-nr-2-derzeit-nicht-lieferbar.html;onSale;"Not Active"
AT-P0029908-30G;"Luuf Kinder Balsam";"3.55 EUR";"5.55 EUR";29908;"LUUF Kinder Balsam gegen Erkältungen und Schnupfen";"Luuf Kinder";"Erkältung & Abwehr > Luuf > Kinder & Jugendliche > Apomedica > Erkältung > Babys und Kinder";8;"3.55 EUR";56%;"2.00 EUR";"Luuf Kinder";https://www.vamida.at/media/catalog/product/cache/0/image/400x365/9df78eab33525d08d6e5fb8d27136e95/l/u/luuf_balsam_kinder.jpg;https://www.vamida.at/luuf-kinder-balsam.html;onSale;Active
AT-P1327051-100G;"Luuf Guaifenesin compositum Bronchial- und Hustentee Konzentrat";"6.07 EUR";"9.50 EUR";1327051;"Aromatische wohlschmeckende Hustentee";"Luuf Guaifenesin";"Erkältung & Abwehr > Luuf > Apomedica > Erkältung";0;"6.07 EUR";57%;"3.43 EUR";"Luuf Guaifenesin";https://www.vamida.at/media/catalog/product/cache/0/image/400x365/9df78eab33525d08d6e5fb8d27136e95/A/T/AT-P1327051-100G-17095938.jpg;https://www.vamida.at/luuf-guaifenesin-compositum-bronchial-und-hustentee-konzentrat.html;onSale;Active
AT-P3512166-50ML;"Luuf Efeu Hustentropfen für Kinder - AUFGELASSEN";"5.39 EUR";"6.80 EUR";3512166;;"Luuf Efeu Hustentropfen für Kinder - AUFGELASSEN";"Erkältung & Abwehr > Luuf > Kinder & Jugendliche > Apomedica";0;"5.39 EUR";26%;"1.41 EUR";;https://www.vamida.at/media/catalog/product/cache/0/image/400x365/9df78eab33525d08d6e5fb8d27136e95/A/T/AT-P3512166-50ML-18264058.jpg;https://www.vamida.at/luuf-efeu-hustentropfen-fur-kinder.html;onSale;"Not Active"
AT-P3512143-100ML;"Luuf Efeu Hustensirup für Kinder";"4.92 EUR";"7.70 EUR";3512143;"Der pflanzliche Hustenlöser mit Kirschgeschmack";"Luuf Efeu";"Erkältung & Abwehr > Luuf > Kinder & Jugendliche > Apomedica > Erkältung > Babys und Kinder";1;"4.92 EUR";57%;"2.78 EUR";"Luuf Efeu";https://www.vamida.at/media/catalog/product/cache/0/image/400x365/9df78eab33525d08d6e5fb8d27136e95/l/u/luuf_hustensirup.jpg;https://www.vamida.at/luuf-efeu-hustensirup-fur-kinder.html;onSale;Active
AT-P3503351-20ST;"Luuf Efeu Hustenpastillen";"4.43 EUR";"6.90 EUR";3503351;"Husten und Atemwegs- erkrankungen behandeln";"Luuf Efeu";"Erkältung & Abwehr > Luuf > Abverkauf > Apomedica > Erkältung";2;"4.43 EUR";56%;"2.47 EUR";"Luuf Efeu";https://www.vamida.at/media/catalog/product/cache/0/image/400x365/9df78eab33525d08d6e5fb8d27136e95/l/u/luufefeu_hustenpastillen_2014_rgb_1.jpg;https://www.vamida.at/luuf-efeu-hustenpastillen.html;onSale;Active
AT-P3545266-60ST;"Similasan Tabletten gegen Magen-Darm-Beschwerden";"8.89 EUR";"13.90 EUR";3545266;"Magen-Darm-Beschwerden lindern";Similasan;"Magen & Darm > Naturheilmittel > Homöopathie > Similasan > Körperpflege > homöopathische Mittel > Verdauung";5;"8.89 EUR";56%;"5.01 EUR";Similasan;https://www.vamida.at/media/catalog/product/cache/0/image/400x365/9df78eab33525d08d6e5fb8d27136e95/A/T/AT-P3545266-60ST-16998025.jpg;https://www.vamida.at/similasan-tabletten-gegen-magen-darm-beschwerden.html;onSale;Active
AT-P3545272-60ST;"Similasan Tabletten gegen Magenbeschwerden";"8.89 EUR";"13.90 EUR";3545272;"Hilfe zur Behandlung von bei Magenbeschwerden";Similasan;"Magen & Darm > Naturheilmittel > Homöopathie > Similasan > Körperpflege > homöopathische Mittel > Verdauung";1;"8.89 EUR";56%;"5.01 EUR";Similasan;https://www.vamida.at/media/catalog/product/cache/0/image/400x365/9df78eab33525d08d6e5fb8d27136e95/A/T/AT-P3545272-60ST-16482055.jpg;https://www.vamida.at/similasan-tabletten-gegen-magenbeschwerden.html;onSale;Active
AT-P3545243-80ST;"Similasan Tabletten gegen Heuschnupfen";"8.89 EUR";"13.90 EUR";3545243;"Die homöopathische Hilfe zur Behandlung von Heuschnupfen";Similasan;"Allergie & Heuschnupfen > Naturheilmittel > Homöopathie > Similasan > Erkältung > homöopathische Mittel";4;"8.89 EUR";56%;"5.01 EUR";Similasan;https://www.vamida.at/media/catalog/product/cache/0/image/400x365/9df78eab33525d08d6e5fb8d27136e95/A/T/AT-P3545243-80ST-16481965.jpg;https://www.vamida.at/similasan-tabletten-gegen-heuschnupfen.html;onSale;Active
AT-P3545220-60ST;"Similasan Tabletten gegen Angina";"8.89 EUR";"13.90 EUR";3545220;"Similasan Tabletten gegen Angina";Similasan;"Erkältung & Abwehr > Zahngesundheit & Mundhygiene > Naturheilmittel > Homöopathie > Similasan > Erkältung > homöopathische Mittel";1;"8.89 EUR";56%;"5.01 EUR";Similasan;https://www.vamida.at/media/catalog/product/cache/0/image/400x365/9df78eab33525d08d6e5fb8d27136e95/A/T/AT-P3545220-60ST-16481850.jpg;https://www.vamida.at/similasan-tabletten-gegen-angina.html;onSale;Active
AT-P1315148-15G;"Similasan Echinacea Globuli";"8.89 EUR";"13.90 EUR";1315148;"Abwehrkräfte auf natürliche Weise stärken";Similasan;"Erkältung & Abwehr > Naturheilmittel > Homöopathie > Similasan > Erkältung > homöopathische Mittel > Summer Sale 2016";0;"8.89 EUR";56%;"5.01 EUR";Similasan;https://www.vamida.at/media/catalog/product/cache/0/image/400x365/9df78eab33525d08d6e5fb8d27136e95/A/T/AT-P1315148-15G-16480795.jpg;https://www.vamida.at/similasan-echinacea-globuli.html;onSale;Active
AT-P0751976-10ML;"Similasan Antiallergische Augentropfen";"6.35 EUR";"9.90 EUR";751976;"Die natürliche Behandlung bei allergischenn Augenreizungen";Similasan;"Allergie & Heuschnupfen > Naturheilmittel > Homöopathie > Similasan > Heuschnupfen & Pollenallergie > Augen & Ohren > homöopathische Mittel > Augen";1;"6.35 EUR";56%;"3.55 EUR";Similasan;https://www.vamida.at/media/catalog/product/cache/0/image/400x365/9df78eab33525d08d6e5fb8d27136e95/A/T/AT-P0751976-10ML-16480790.jpg;https://www.vamida.at/similasan-antiallergische-augentropfen.html;onSale;Active
AT-P3525619-20ST;"Luuf Efeu Brausetabletten - AUFGELASSEN";"8.42 EUR";"9.90 EUR";3525619;;"Luuf Efeu Brausetabletten - AUFGELASSEN";"Erkältung & Abwehr > Luuf > Apomedica";0;"8.42 EUR";18%;"1.49 EUR";;https://www.vamida.at/media/catalog/product/cache/0/image/400x365/9df78eab33525d08d6e5fb8d27136e95/A/T/AT-P3525619-20ST-16997789.jpg;https://www.vamida.at/luuf-efeu-brausetabletten.html;onSale;"Not Active"
AT-P0752444-50ML;"Similasan Tropfen gegen Wechseljahresbeschwerden";"8.89 EUR";"13.90 EUR";752444;"Wechseljahresbeschwerden auf natürliche Weise lindern";Similasan;"Für Sie & Ihn > Naturheilmittel > Homöopathie > Similasan > Frauengesundheit > homöopathische Mittel";0;"8.89 EUR";56%;"5.01 EUR";Similasan;https://www.vamida.at/media/catalog/product/cache/0/image/400x365/9df78eab33525d08d6e5fb8d27136e95/A/T/AT-P0752444-50ML-16484319.jpg;https://www.vamida.at/similasan-tropfen-gegen-wechseljahresbeschwerden.html;onSale;Active
AT-P0752409-50ML;"Similasan Tropfen gegen starkes Schwitzen";"8.89 EUR";"13.90 EUR";752409;"Die übermäßige Schweiß- produktion regulieren";Similasan;"Für Sie & Ihn > Kosmetik & Pflegeprodukte > Naturheilmittel > Homöopathie > Similasan > Frisch durch den Sommer > Kosmetik > Körperpflege > Männergesundheit > Frauengesundheit > homöopathische Mittel";29;"8.89 EUR";56%;"5.01 EUR";Similasan;https://www.vamida.at/media/catalog/product/cache/0/image/400x365/9df78eab33525d08d6e5fb8d27136e95/A/T/AT-P0752409-50ML-16484203.jpg;https://www.vamida.at/similasan-tropfen-gegen-starkes-schwitzen.html;onSale;Active
AT-P0752355-50ML;"Similasan Tropfen gegen Rheuma und Gicht";"8.89 EUR";"13.90 EUR";752355;"Hilft bei rheumatischen Beschwerden!";Similasan;"Rücken, Gelenke & Muskeln > Naturheilmittel > Homöopathie > Similasan > Arthrose und Arthritis > homöopathische Mittel > Summer Sale 2016";2;"8.89 EUR";56%;"5.01 EUR";Similasan;https://www.vamida.at/media/catalog/product/cache/0/image/400x365/9df78eab33525d08d6e5fb8d27136e95/A/T/AT-P0752355-50ML-16484119.jpg;https://www.vamida.at/similasan-tropfen-gegen-rheuma-und-gicht.html;onSale;Active
AT-P3543103-30G;"Baby-Luuf ätherische Öle Balsam";"3.55 EUR";"5.55 EUR";3543103;"Öle Balsam gegen Erkältungen und Schnupfen";"Luuf - Baby";"Erkältung & Abwehr > Luuf > Schwangerschaft & Baby > Apomedica > Erkältung > homöopathische Mittel > Schwangerschaft > Babys und Kinder";8;"3.55 EUR";56%;"2.00 EUR";"Luuf - Baby";https://www.vamida.at/media/catalog/product/cache/0/image/400x365/9df78eab33525d08d6e5fb8d27136e95/l/u/luuf_balsam_baby_2014_rgb.jpg;https://www.vamida.at/baby-luuf-atherische-ole-balsam.html;onSale;Active
AT-P0032649-30G;"Luuf Ätherische Öle Balsam";"3.55 EUR";"5.55 EUR";32649;"Lindert Beschwerden eines Schnupfens und einer Erkältung";"Luuf Ätherische Öle";"Erkältung & Abwehr > Luuf > Apomedica > Erkältung > homöopathische Mittel";10;"3.55 EUR";56%;"2.00 EUR";"Luuf Ätherische Öle";https://www.vamida.at/media/catalog/product/cache/0/image/400x365/9df78eab33525d08d6e5fb8d27136e95/l/u/luuf_balsam_erw__pflanze_2014_rgb.jpg;https://www.vamida.at/luuf-atherische-ole-balsam.html;onSale;Active
AT-P3959683-1ST;"Vertebene Bandscheibenkapseln - 6 Wochen Intensivprogramm";"53.60 EUR";"65.90 EUR";3959683;"Die Hilfe für Ihren Rücken";Vertebene;"Rücken, Gelenke & Muskeln > Nahrungsergänzung & Vitalität > Arthrobene > Natural Products & Drugs > Schmerzmittel > Nahrungsergänzungsmittel > Summer Sale 2016";0;"53.60 EUR";23%;"12.30 EUR";Vertebene;https://www.vamida.at/media/catalog/product/cache/0/image/400x365/9df78eab33525d08d6e5fb8d27136e95/A/T/AT-P3959683-1ST-17722136.jpg;https://www.vamida.at/vertebene-bandscheibenkapseln-6-wochen-intensivprogramm.html;onSale;Active
AT-P3441348-60ST;"Vertebene Bandscheibenkapseln 60ST";"25.54 EUR";"29.90 EUR";3441348;"Vertebene Bandscheibenkapseln stärken Ihren Rücken";Vertebene;"Rücken, Gelenke & Muskeln > Arthrobene > Natural Products & Drugs > Schmerzmittel";0;"25.54 EUR";17%;"4.36 EUR";Vertebene;https://www.vamida.at/media/catalog/product/cache/0/image/400x365/9df78eab33525d08d6e5fb8d27136e95/v/e/vertebene_60stk_pack_left.jpg;https://www.vamida.at/vertebene-bandscheibenkapseln-60st.html;onSale;Active
AT-P0752326-50ML;"Similasan Tropfen gegen Periodenbeschwerden";"8.89 EUR";"13.90 EUR";752326;"Lindern Periodenbeschwerden auf schonende Weise";Similasan;"Für Sie & Ihn > Naturheilmittel > Homöopathie > Similasan > Frauengesundheit > homöopathische Mittel";1;"8.89 EUR";56%;"5.01 EUR";Similasan;https://www.vamida.at/media/catalog/product/cache/0/image/400x365/9df78eab33525d08d6e5fb8d27136e95/A/T/AT-P0752326-50ML-16484007.jpg;https://www.vamida.at/similasan-tropfen-gegen-periodenbeschwerden.html;onSale;Active